{"cameraMode":{"drawMode":0,"name":"Shaded","section":"Shading Mode"},"sceneLighting":false,"audioPlay":false,"sceneViewState":{"showFog":true,"showMaterialUpdate":false,"showSkybox":true,"showFlares":true,"showImageEffects":true,"showParticleSystems":true},"in2DMode":false,"pivot":{"x":235.0892333984375,"y":833.5958862304688,"z":-695.6139526367188},"rotation":{"x":0.21489325165748597,"y":-0.6174498200416565,"z":0.18044990301132203,"w":0.734946608543396},"size":0.2857065796852112,"orthographic":false}